week,date,day,subject_1,competency_1,playlist_link_1,worksheet_link_1,subject_2,competency_2,playlist_link_2,worksheet_link_2,
1,2021-06-21,Monday ,भाषा विकास," मौखिक अभिव्यक्ति का विकास ""आओ बच्चों मेरी गुड़िया बालगीत हाव - भाव के साथ गाएं"" ",https://bit.ly/2UazrOr,https://bit.ly/3zAQ4CY,बौद्विक विकास,"स्वाद पहचान ""तरंग पेज नः 27 के माध्यम से स्वाद की पहचान""",,https://bit.ly/3cLYRse,
1,2021-06-22,Tuesday ,भाषा विकास," हाथ एवं आँख का समन्वयन । ""तरंग पेज नम्बर 5 पर दिए गए चित्र मे रंग भरे।""",,https://bit.ly/3vt1mWE,बौद्विक विकास,"कम -ज्यादा ""बच्चों को कम - ज्यादा की पहचान
 (दिए गए विडियों के अनुसार )""",https://bit.ly/3pUHvyF,,
1,2021-06-23,Wednesday ,भाषा विकास,"हाथ एवं आँख का समन्वयन ।""तरंग पेज नम्बर 16 से बिन्दु मिलान व चित्र के अनुरूप रंग भरना """,,https://bit.ly/3gEfqam,बौद्विक विकास,"रंगो की पहचान कर पाऐगे। ""बच्चों को रंग पहचान करवाना। 
 (दिए गए विडियो के अनुसार )""",https://bit.ly/3wyVhcU,,
1,2021-06-24,Thursday ,भाषा विकास," मौखिक अभिव्यक्ति का विकास एवं शब्द भण्डार का विकास । ""कहानी (टोपी बेचने वाला ) 
(दिए गए विडियो के अनुसार )""",https://bit.ly/3wt9AQ2,https://bit.ly/3zAQ8mc,बौद्विक विकास,"कम - ज्यादा की पहचान ""तरंग पेज नः 24 के माध्यम से कम - ज्यादा की पहचान""",,https://bit.ly/2Ssdwlr,
1,2021-06-25,Friday ,भाषा विकास," हाथ एवं आँख का समन्वयन । ""तरंग पेज नम्बर 13 से बिन्दु मिलान""",,https://bit.ly/3xnq0cH,बौद्विक विकास,"तार्किक एवं चिन्तन क्षमता का विकास    ""सम्बन्ध जोडें गतिविधि ।  (दिए गए विडियो के अनुसार )""",https://bit.ly/3iHlIsH,,
2,2021-06-28,Monday ,भाषा विकास," मौखिक अभिव्यक्ति का विकास हो पाऐगा।  ""मेरी फुलवारी पेज नम्बर 2 कविता    (हाथ धुलाई ) (दिए गए विडियों के अनुसार )""",https://bit.ly/2SxXzu4,https://bit.ly/3zxV6jE,बौद्विक विकास,"बौद्विक विकास- तार्किक एवं चिन्तन क्षमता का विकास   ""बच्चों को तरंग पेज नम्बर 9 से संबंध जोडें गतिविधि""",,https://bit.ly/3cNmDE1,
2,2021-06-29,Tuesday ,भाषा विकास," ध्वनि पहचान  ""तरंग पेज नः 25 के माध्यम से क ध्वनि की पहचान करना।""",,https://bit.ly/2SDobcX,बौद्विक विकास,"बौद्विक विकास- रंगो की पहचान कर पाऐगे।   ""बच्चों को टीपी- टीपी टॅाप खेल या घर में उपलब्ध विभिन्न रंग ( लाल,नीला,हरा एवं पीला) की वस्तुएं बच्चों से छूने को कहना।""",,,
2,2021-06-30,Wednesday ,भाषा विकास," प ध्वनि की पहचान  ""तरंग पेज नः 37के माध्यम से प ध्वनि पहचान।""",,https://bit.ly/3cMjRz0,बौद्विक विकास,"बौद्विक विकास- आकृति पहचान  ""बच्चों को आकृति की पहचान की पहचान ।
(दिए गए विडियों के अनुसार )""",https://bit.ly/2TIuSuE,,
2,2021-07-01,Thursday ,भाषा विकास,"भाषा विकास- मौखिक अभिव्यक्ति का विकास हो पाऐगा।  ""मेरी फुलवारी पेज नम्बर 20 कहानी
 (लोमडी और कौवा दिए गए विडियो के अनुसार )""",https://bit.ly/2SxXzu4,https://bit.ly/3cLx6QA,बौद्विक विकास,"बौद्विक विकास- आकृति की पहचान कर पाऐगे।  ""उमंग पेज नः 12 के माध्यम से आकृति पहचान""",,https://bit.ly/3cLzeaG,
2,2021-07-02,Friday ,भाषा विकास,"भाषा विकास- म ध्वनि की पहचान  ""तरंग पेज नम्बर 52 से म ध्वनि की पहचान ।""",,https://bit.ly/3gGphMS,बौद्विक विकास,"बौद्विक विकास- स्वाद की पहचान  "" बच्चों को विभिन्न स्वाद की पहचान।
 (दिए गए विडियो के अनुसार )""",https://bit.ly/3gv8UE8,,
3,2021-07-05,Monday ,भाषा विकास,भाषा विकास- ध्वनि की पहचान कर पाए।--गतिविधि - 1 तरंग पेज नम्बर 67 के माध्यम से त ध्वनि की पहचान।,,https://bit.ly/3pXDrO9,बौद्विक विकास,बौद्विक विकास- सरल पहेलियो के उतर दे पाए।--गतिविधि - 2 गतिविधि संकलन के पेज नम्बर 126 से बूझो तो जाने ।,https://bit.ly/35CBcq5,,
3,2021-07-06,Tuesday ,भाषा विकास,भाषा विकास- बिन्दु मिलान--गतिविधि - 1 तरंग पेज नम्बर 49 से बिन्दु मिलान।,,https://bit.ly/3vpAozr,बौद्विक विकास,बौद्विक विकास- ऊपर -नीचे के बारे मे जान पाए।--गतिविधि - 2 गतिविधि संकलन के पेज नम्बर 144 से ऊपर नीचे की पहचान,https://bit.ly/2SDulKj,,
3,2021-07-07,Wednesday ,भाषा विकास,"भाषा विकास- मौखिक अभिव्यक्ति का विकास हो पाऐगा।--गतिविधि - 1 मेरी फुलवारी पेज नः 4 के माध्यम से बच्चों को तोता कविता हाव - भाव से करवाना। 
दिए गए विडियो के अनुसार )",https://youtu.be/Qf-hiYNSDdE,https://bit.ly/3vI7JG1,बौद्विक विकास,बौद्विक विकास- रंग पहचान--गतिविधि - 2 उमंगपेज न 18ः के माध्यम से रंग पहचान।,,https://bit.ly/3iL76Zp,
3,2021-07-08,Thursday ,भाषा विकास,भाषा विकास- लेखन का अभ्यास--गतिविधि - 1 तरंग पेज नम्बर 7से बिन्दु मिलान।,,https://bit.ly/2TwTdDs,बौद्विक विकास,"बौद्विक विकास- कठोर - मुलायम की पहचान--गतिविधि - 2  बच्चों को कठोर - मुलायम की पहचान।
 दिए गए विडियो के अनुसार )",https://bit.ly/3vHekjZ,,
3,2021-07-09,Friday ,भाषा विकास,भाषा विकास- मौखिक अभिव्यक्ति का विकास हो पाऐगा।--गतिविधि - 1 मेरी फुलवारी पेज नम्बर 9 बालगीत ( पानी ),https://youtu.be/_9YIEKWSU3o,https://bit.ly/3vtGui1,बौद्विक विकास,बौद्विक विकास- स्थान की अवधारणा--गतिविधि - 2 तरंग पेज नम्बर 33 के माध्यम से ऊपर - नीचे की पहचान।,,https://bit.ly/3xp0XpJ,
4,2021-07-12,Monday ,भाषा विकास,भाषा विकास- मौखिक अभिव्यक्ति का विकास हो पाऐगा।--गतिविधि - 1 बच्चों को जामुन है क्या -क्या काली - काली बालगीत हाव - भाव से करवाना एवं कविता से सम्बन्धित छोटे - छोटे प्रश्न  पूछना । दिए गए विडियों के अनुसार ),https://bit.ly/2TItDLQ,,बौद्विक विकास,बौद्विक विकास- तार्किक चिन्तन क्षमता का विकास--गतिविधि - 2 तरंग पेज नः 3 के माध्यम से अधूरा चित्र पूरा करना।,,https://bit.ly/3gGpQGu,
4,2021-07-13,Tuesday ,भाषा विकास,"भाषा विकास- हाथ एवं आँख का समन्वयन बना पाएगे।--गतिविधि - 1 तरंग पेज नम्बर 19 से बिन्दु मिलान ,आकार पूरा करना तथा चित्र मे रंग भरना ।",,https://bit.ly/3xnAGIk,बौद्विक विकास,बौद्विक विकास- गर्म - ठण्डें की पहचान--गतिविधि - 2 बच्चों को गर्म - ठण्डें की पहचान । ; दिए गए विडियों के अनुसार ),https://bit.ly/3zD6aw6,,
4,2021-07-14,Wednesday ,भाषा विकास,भाषा विकास- मौखिक अभिव्यक्ति का विकास ष्एवं षब्द भण्डार का विकास हो पाऐगा।--गतिविधि - 1 मेरी फुलवारी पेज नम्बर 17 से  कहानी ( लालची कुत्ता  ) दिए गए विडियो के अनुसार ),https://youtu.be/9HYXa6LB5SQ,https://bit.ly/3xrtrit,बौद्विक विकास,बौद्विक विकास- रंग पहचान--गतिविधि - 2 तरंग पेज नम्बर 18 से रंग पहचान।,,https://bit.ly/3xrRduY,
4,2021-07-15,Thursday ,भाषा विकास,भाषा विकास- बिन्दु मिलान--गतिविधि - 1 तरंग पेज नः 4 के माध्यम से बिन्दु मिलान।,,https://bit.ly/3xpKe5x,बौद्विक विकास,बौद्विक विकास- बड़ा -छोटा की पहचान--गतिविधि - 2 बच्चों को स्थानीय सामग्री के माध्यम सें कौन बडा - कौन छोटा गतिविधि। ; दिए गए विडियो के अनुसार ),https://bit.ly/2Ul6FL5,,
4,2021-07-16,Friday ,भाषा विकास,भाषा विकास- क वर्ण का लेखन--गतिविधि - 1 तरंग पेज नः 31 से क वर्ण का लेखन ।,,https://bit.ly/3wzzLEH,बौद्विक विकास,बौद्विक विकास- स्ंाख्या पहचान--गतिविधि - 2  गिनना सिखना। ; दिए गए विडियो के अनुसार ),https://bit.ly/3zHnXlF,,
5,2021-07-19,Monday ,भाषा विकास,भाषा विकास- प वर्ण का लेखन--गतिविधि - 1 तरंग पेज नम्बर 43 के माध्यम से प वर्ण का लेखन ।,,https://bit.ly/3wzMBD4,बौद्विक विकास,बौद्विक विकास- समय की पहचान--गतिविधि - 2 समय की पहचान करना।; दिए गए विडियो के अनुसार ),https://bit.ly/3cP7CBN,,
5,2021-07-20,Tuesday ,भाषा विकास,भाषा विकास- अच्छी आदतों का विकास--गतिविधि - 1 मेरी फूलवारी पेज 60 से अच्छी आदतों पर चर्चा करना।,,https://bit.ly/35skEkw,बौद्विक विकास,बौद्विक विकास- गिनना--गतिविधि - 2 उमंग पेज नः 36 के माध्यम से चित्रों को गिनवाकर समान चित्रों का मिलान करना।,,https://bit.ly/3pZlyhL,
5,2021-07-21,Wednesday ,भाषा विकास,भाषा विकास- मौखिक अभिव्यक्ति का विकास हो पाऐगा।--गतिविधि - 1 मेरी फुलवारी पेज नम्बर 7 से चिडिया  कविता। (दिए गए विडियों के अनुसार ),https://youtu.be/rMRfRhiBRnc,https://bit.ly/3gy3311,बौद्विक विकास,बौद्विक विकास- आकृति की पहचान कर पाऐगे।--गतिविधि - 2 तरंग पेज नः 12ृ के माध्यम से आकृति की पहचान।,,https://bit.ly/2TDZuNv,
5,2021-07-22,Thursday ,भाषा विकास,भाषा विकास- म वर्ण का लेखन--गतिविधि - 1 तरंग पेज नः 55 के माध्यम से म वर्ण का लेखन ।,,https://bit.ly/2TEV5tJ,बौद्विक विकास,बौद्विक विकास- स्ंाख्या पहचान--गतिविधि - 2  चलों गिने गतिविधि करना । ; दिए गए विडियो के अनुसार ),https://bit.ly/3wLeesL,,
5,2021-07-23,Friday ,भाषा विकास,भाषा विकास- सप्ताह के दिन--गतिविधि - 1 मेरी फुलवारी पेज नः 28 के माध्यम से सप्ताह के दिनों के नाम पर चर्चा करना।,,https://bit.ly/3wy7K0c,बौद्विक विकास,बौद्विक विकास- मिलान करो--गतिविधि - 2 किलकारी पेज नः 108 के माध्यम से चित्रों को गिनकर मिलान करना।,,https://bit.ly/3iLFCCU,
6,2021-07-26,Monday ,भाषा विकास,भाषा विकास- वर्ण पहचान--गतिविधि - 1 उमंग पेज नः 61 के माध्यम से क व प वर्ण की पहचान करना,https://bit.ly/36Xcq4C,https://bit.ly/3wzApC7,बौद्विक विकास,बौद्विक विकास- गिनना--गतिविधि - 2 बच्चों को ठोस वस्तुओं के माध्यम सें 1 से 10 तक गिनना।,https://bit.ly/3BFZUEX,,
6,2021-07-27,Tuesday ,भाषा विकास,भाषा विकास- मौखिक अभिव्यक्ति का विकास हो पाऐगा।--गतिविधि - 1 गर्मी आई कविता।; दिए गए विडियो के अनुसार ),https://bit.ly/2UKjnUd,,बौद्विक विकास,बौद्विक विकास- चित्र गिनकर गोल बनाओं--गतिविधि - 2 2 किलकारी पेज नः 129 के माध्यम से चित्र गिनकर गोल बनना।,,https://bit.ly/35sXURA,
6,2021-07-28,Wednesday ,भाषा विकास,"भाषा विकास- वर्ण का लेखन--गतिविधि - 1 सादा कागज पर क , प, म वर्ण लेखन का अभ्यास।",,,बौद्विक विकास,बौद्विक विकास- स्ंाख्या पहचान--गतिविधि - 2 किलकारी पेज नः 144 के माध्यम से संख्या पहचान।,,https://bit.ly/3zvThUE,
6,2021-07-29,Thursday ,भाषा विकास,भाषा विकास- त वर्ण का लेखन--गतिविधि - 1 तरंग पेज नः 76 के माध्यम से त वर्ण का लेखन ।,,https://bit.ly/3zpJCyR,बौद्विक विकास,"बौद्विक विकास- आकृति पहचान--गतिविधि - 2 बच्चों से सादा कागज पर आयम, वृत्त ,वर्ग एवं त्रिभुज आकृति बनना।",,,
6,2021-07-30,Friday ,भाषा विकास,भाषा विकास- मौखिक अभिव्यक्ति का विकास हो पाऐगा।--गतिविधि - 1 मेरी फुलवारी पेज नम्बर 16 खरगोष और कछुआ कहानी । ; दिए गए विडियो के अनुसार ),https://youtu.be/LUjaKCVA-sQ,https://bit.ly/2SxOUYB,बौद्विक विकास,बौद्विक विकास- रंग पहचान--गतिविधि - 2 तरंग पेज नः 48 के माध्यम से रंग पहचान।,,https://bit.ly/2UeYm3z,
7,2021-08-02,Monday ,भाषा विकास,भाषा विकास- मौखिक अभिव्यक्ति का विकास हो पाऐगा।--गतिविधि - 1 मेरी फुलवारी पुस्तक के पेज 3 सेे ( उठो लाल ) बालगीत हाव - भाव से करना एवं बालगीत से सम्बन्धित छोटे - छोटे प्रष्न पूछना। ; दिए गए विडियो के अनुसार ),https://bit.ly/2Sbof3l,https://bit.ly/3zroojY,बौद्विक विकास,बौद्विक विकास- वर्गीकरण--गतिविधि - 2 तरंग पेज नम्बर 15 से वर्गीकरण करना।,,https://bit.ly/3gsvbT2,
7,2021-08-03,Tuesday ,भाषा विकास,"भाषा विकास- हाथ एवं आँख का समन्वयन बना पाएगे।--गतिविधि - 1 तरंग पेज नम्बर 10 से बिन्दु मिलान करना, आकार पूरा करना तथा चित्र के अनुरूप रंग भरना।",,https://bit.ly/35oHrO8,बौद्विक विकास,बौद्विक विकास- 1 से 5 तक गिनना--गतिविधि - 2  1 से 5 तक ठोस के माध्यम गिनना ।   ; दिए गए विडियो के अनुसार ),https://bit.ly/3zHnXlF,,
7,2021-08-04,Wednesday ,भाषा विकास,भाषा विकास- मौखिक अभिव्यक्ति का विकास हो पाऐगा।--गतिविधि - 1 मेरी फुलवारी पुस्तक के पेज 18 सेे कहानी ( एकता मे बल ) ।   ; दिए गए विडियो के अनुसार ),https://youtu.be/CkpHBDGXbRM,https://bit.ly/3iMn7hs,बौद्विक विकास,बौद्विक विकास- अन्तर खोजो--गतिविधि - 2 तरंग पेज नम्बर 21  से अन्तर खोजो गतिविधि।,,https://bit.ly/3iL8j2T,
7,2021-08-05,Thursday ,भाषा विकास,भाषा विकास- हाथ एवं आँख का समन्वयन बना पाएगे।--गतिविधि - 1 तरंग पेज नम्बर 35 से चित्र में  रंग भरना ।,,https://bit.ly/3wzp19e,बौद्विक विकास,बौद्विक विकास- मोटे - पतले की पहचान--ष्गतिविधि - 2 बच्चों को मोटे - पतले की पहचान करना।  ; दिए गए विडियो के अनुसार ),https://bit.ly/3zD6Ama,,
7,2021-08-06,Friday ,भाषा विकास,भाषा विकास- मौखिक अभिव्यक्ति का विकास हो पाऐगा।--गतिविधि - 1 बच्चों से मेरी फुलवारी पुस्तक के पेज 38 पर दिए गए हमारा भोजन केे चित्र चार्ट से चर्चा करना।,,https://bit.ly/3iL3XIP,बौद्विक विकास,बौद्विक विकास- अंक पहचान--गतिविधि - 2  उमंग पेज नम्बर 54 से 6 अंक का लेखन।,,https://bit.ly/3grGrPF,
8,2021-08-09,Monday ,भाषा विकास,भाषा विकास- लेखन क्षमता का विकास--गतिविधि - 1 तरंग पेज नम्बर 82 से त वर्ण का लेखन।,,https://bit.ly/2RYLP3c,बौद्विक विकास,बौद्विक विकास- 1 से 10 तक गिनना--गतिविधि - 2  1 से 10 तक ठोस के माध्यम गिनना  ।   ; दिए गए विडियो के अनुसार ),https://bit.ly/3qcLBC8,,
8,2021-08-10,Tuesday ,भाषा विकास,भाषा विकास- मौखिक अभिव्यक्ति का विकास हो पाऐगा।--गतिविधि - 1 बच्चों को (रेलगाडी ) बालगीत हाव - भाव से कराना एवं बालगीत से सम्बन्धित छोटे - छोटे प्रष्न पूछना ।  ; दिए गए विडियो के अनुसार ),https://bit.ly/3iRPJpN,,बौद्विक विकास,बौद्विक विकास- अंक पहचान--गतिविधि - 2   उमंग पेज नम्बर 63 से 7 अंक का लेखन ।,,https://bit.ly/3vpp4mM,
8,2021-08-11,Wednesday ,भाषा विकास,भाषा विकास- हाथ एवं आँख का समन्वयन बना पाएगे।--गतिविधि - 1 तरंग पेज नम्बर 112 से बिन्दु मिलान व आकार पूरा करना।,,https://bit.ly/3cJCfby,बौद्विक विकास,बौद्विक विकास- अंक पहचान कर क्रम से लगा पाए।--गतिविधि - 2  अंको को क्रम से लगाना । ; दिए गए विडियो के अनुसार ),https://bit.ly/3xqoE0W,,
8,2021-08-12,Thursday ,भाषा विकास,भाषा विकास- मौखिक अभिव्यक्ति का विकास हो पाऐगा।--गतिविधि - 1 बच्चों को मेरी फुलवारी पुस्तक के पेज 34 पर दिए गए हमारे फलो के चित्र चार्ट से चर्चा करना।,,https://bit.ly/35vn1Dm,बौद्विक विकास,बौद्विक विकास- रास्ता खोजो--गतिविधि - 2 तरंग पेज नम्बर 69 से रास्ता खोजो गतिविधि करना ।,,https://bit.ly/2TztWsf,
8,2021-08-13,Friday ,भाषा विकास,भाषा विकास- ध्वनि पहचान हो पाएगी।--गतिविधि - 1 तरंग पेज नम्बर 94 से न वर्ण ध्वनि पहचान करना।,,https://bit.ly/3cGPsSH,बौद्विक विकास,बौद्विक विकास- अंको की पहचान--ष्गतिविधि - 2 अको का वस्तुओ से मिलान ।   ; दिए गए विडियो के अनुसार ),https://youtu.be/ZjMWfPO8_es,,
9,2021-08-16,Monday ,भाषा विकास,भाषा विकास- मौखिक अभिव्यक्ति का विकास हो पाऐगा।--गतिविधि - 1 बच्चों को ( आओ करे दाॅत मे मंजन ) बालगीत हाव - भाव से करवाना एवं बालगीत से सम्बन्धित छोटे - छोटे प्रश्न  पूछना । (दिए गए विडियो के अनुसार ),https://youtu.be/8Obf9A6UaM8,,बौद्विक विकास,बौद्विक विकास- स्ंाख्या पहचान--गतिविधि - 2  तरंग  पेज नम्बर 36 से संख्या पहचान ।,,https://bit.ly/3vuwxB5,
9,2021-08-17,Tuesday ,भाषा विकास,भाषा विकास- लेखन क्षमता का विकास--गतिविधि - 1 तरंग पेज नम्बर 100 से न वर्ण का लेखन करना।,,https://bit.ly/3gvTD4E,बौद्विक विकास,बौद्विक विकास- गिनना--गतिविधि - 2  मेरी फुलवारी पुस्तक के पेज 26 पर दिए गए गिनती केे चित्र चार्ट से चर्चा करना।,,https://bit.ly/3wzZKvP,
9,2021-08-18,Wednesday ,भाषा विकास,भाषा विकास- मौखिक अभिव्यक्ति का विकास हो पाऐगा।--गतिविधि - 1 मेरी फुलवारी पुस्तक के पेज 46 पर दिए गए पक्षियो  केे चित्र चार्ट पर  चर्चा करना।,,https://bit.ly/2S8bLJY,बौद्विक विकास,बौद्विक विकास- अंक पहचान--गतिविधि - 2 उमंग  पेज नम्बर 72 से अंक का लेखन।,,https://bit.ly/3gsCRog,
9,2021-08-19,Thursday ,भाषा विकास,भाषा विकास- मौखिक अभिव्यक्ति का विकास हो पाऐगा।--गतिविधि - 1  चुन्नु - मुन्नु ) बालगीत हाव - भाव से करना। एवं बालगीत से सम्बन्धित छोटे - छोटे प्रष्न पूछना । ; दिए गए विडियो के अनुसार ),https://youtu.be/DLv2Yt9oB7E,,बौद्विक विकास,बौद्विक विकास- क्रमिक चिन्तन का विकास--गतिविधि - 2 तरंग पेज नम्बर 66 से सोचो और बनाओ गतिविधि करना।,,https://bit.ly/3pXvbOb,
9,2021-08-20,Friday ,भाषा विकास,भाषा विकास- एवं आँख का समन्वयन बना पाएगे।--गतिविधि - 1 तरंग पेज नम्बर 91 से बिन्दु मिलान व आकार पूरा करना।,,https://bit.ly/3grIvqK,बौद्विक विकास,बौद्विक विकास- स्थान की अवधारणा की समझ--गतिविधि - 2 दूर एंव पास की पहचान विडियो के माध्यम से करवाना।,https://bit.ly/3vARKta,,
10,2021-08-23,Monday ,भाषा विकास,भाषा विकास- मौखिक अभिव्यक्ति का विकास हो पाऐगा।--गतिविधि - 1 मेरी फुलवारी पुस्तक के पेज 35 पर दिए गए सब्जियो केे चित्र चार्ट से चर्चा करना।,,https://bit.ly/3q3FdgG,बौद्विक विकास,बौद्विक विकास- अंक पहचान--गतिविधि - 2 उमंग पेज नम्बर 78 से 9 अंक का लेखन ।,,https://bit.ly/3q1koTe,
10,2021-08-24,Tuesday ,भाषा विकास,भाषा विकास- हाथ एवं आँख का समन्वयन बना पाएगे।--गतिविधि - 1 तरंग पेज नम्बर 97 से बिन्दु मिलान करना व आकार पूरा करना।,,https://bit.ly/2TD32Qp,बौद्विक विकास,बौद्विक विकास- मौखिक अभिव्यक्ति का विकास हो पाऐगा।--गतिविधि - 2 दस छोटी चिडिया बालगीत करना।   ; दिए गए विडियो के अनुसार ),https://bit.ly/3wGuxqU,,
10,2021-08-25,Wednesday ,भाषा विकास,भाषा विकास- मौखिक अभिव्यक्ति का विकास हो पाऐगा।--गतिविधि - 1 मेरी फुलवारी पुस्तक के पेज 43 पर दिए गए यातायात के साधनो केे चित्र चार्ट से चर्चा करना।,,https://bit.ly/3zwpIlN,बौद्विक विकास,बौद्विक विकास- अंक पहचान--गतिविधि - 2 उमंग पेज नम्बर 144 से 1 से 10 अंक का लेखन।,,https://bit.ly/3xqdwRM,
10,2021-08-26,Thursday ,भाषा विकास,भाषा विकास- हाथ एवं आँख का समन्वयन बना पाएगे।--गतिविधि - 1 तरंग पेज नम्बर 92 से चित्र में  रंग से छाप लगाना।,,https://bit.ly/3xpMsSr,बौद्विक विकास,बौद्विक विकास- हल्के -भारी की पहचान--गतिविधि - 2 बच्चो को हल्का भारी की गतिविधि कराना   ; दिए गए विडियो के अनुसार ),https://bit.ly/3xMEuTV,,
10,2021-08-27,Friday ,भाषा विकास,भाषा विकास- मौखिक अभिव्यक्ति का विकास हो पाऐगा।--गतिविधि - 1 कहानी  ( गिलहरी का कुल्लड) करना ।  ; दिए गए विडियो के अनुसार ),https://youtu.be/sVco8WDAyyE,,बौद्विक विकास,बौद्विक विकास- अंक पहचान--गतिविधि - 2 तरंग पेज नम्बर 60 से बीच वाली संख्या की पहचान करना।,,https://bit.ly/35oFlxB,
11,2021-08-31,Tuesday ,भाषा विकास,गतिविधि - 1 तरंग पेज नम्बर 106 से न वर्ण का लेखन।,https://bit.ly/3wxXOUm,https://bit.ly/38qpVug,बौद्विक विकास,गतिविधि - 2  दिए गए विडियो के अनुसार गन्ध की पहचान कराना।  ; दिए गए विडियो के अनुसार ),,https://bit.ly/3yrT17j,
11,2021-09-01,Wednesday ,भाषा विकास,गतिविधि - 1 ( बन्दर मामा पहन पजामा ) बालगीत हाव - भाव से कराना एवं बालगीत से सम्बन्धित छोटे - छोटे प्रष्न पूछना । ; दिए गए विडियो के अनुसार ),https://bit.ly/2Yc5Xlk,,बौद्विक विकास,गतिविधि - 2 तरंग पेज नम्बर 42 से 11 अंक का लेखन ।,,https://bit.ly/3gJplfK,
11,2021-09-02,Thursday ,भाषा विकास,गतिविधि - 1 तरंग पेज नम्बर 109 से बच्चो का ल वर्ण की ध्वनि पहचान करना।,https://bit.ly/3xvxevr,https://bit.ly/38nUh0x,बौद्विक विकास,गतिविधि - 2 सादा कागज पर 1 से 5 अंक का लेखन कराना।,,,
11,2021-09-03,Friday ,भाषा विकास,गतिविधि - 1 मेरी फुलवारी पुस्तक के पेज 44 पर दिए गए जंगली जानवरो केे चित्र चार्ट से चर्चा करना।,https://bit.ly/3iKweiQ,https://bit.ly/3jnZrjw,बौद्विक विकास,गतिविधि - 2 तरंग पेज नम्बर 54 से 12 अंक का लेखन करना।,https://bit.ly/3xooeIm,https://bit.ly/3BmvlCZ,
12,2021-09-06,Monday ,भाषा विकास,गतिविधि - 1 तरंग पेज नम्बर 65 से चित्र में  रंग भरना।,https://bit.ly/3zyiy08,https://bit.ly/3ysapc3,बौद्विक विकास,गतिविधि - 2 सादा कागज पर 1 से 10 तक लेखन करना।,,,
12,2021-09-07,Tuesday ,भाषा विकास,गतिविधि - 1 मेरी फुलवारी पुस्तक के पेज 42 पर दिए गए हमारा पहनावा केे चित्र चार्ट से चर्चा करना।,https://bit.ly/2TJ6kkQ,https://bit.ly/3BrfdQC,बौद्विक विकास,गतिविधि - 2 तरंग पेज नम्बर 63 से 13 अंक का लेखन।,https://bit.ly/3vEyzih,https://bit.ly/2UX2V30,
12,2021-09-08,Wednesday ,भाषा विकास,गतिविधि - 1 तरंग पेज नम्बर 59 से चित्र में  रंग भरना।,https://bit.ly/3gT4YMH,https://bit.ly/3Bo6v5Y,बौद्विक विकास,गतिविधि - 2 बच्चो को तैरना और डूबना गतिविधि कराना। ; दिए गए विडियो के अनुसार ),,https://bit.ly/3kCou1v,
12,2021-09-09,Thursday ,भाषा विकास,गतिविधि - 1 मेरी फुलवारी पुस्तक के पेज 40 पर दिए गए हमारे त्यौहार केे चित्र चार्ट से चर्चा करना।,https://bit.ly/3cQWnIS,https://bit.ly/3jqfzks,बौद्विक विकास,गतिविधि - 2 तरंग पेज नम्बर 72 से 14 अंक का लेखन करना।,https://bit.ly/3gEJ7Za,https://bit.ly/3sZSQ1H,
12,2021-09-10,Friday ,भाषा विकास,गतिविधि - 1 तरंग पेज नम्बर 118 से ल वर्ण का लेखन करना।,https://bit.ly/2Tzwk2b,https://bit.ly/3ytkMfR,बौद्विक विकास,गतिविधि - 2 बच्चो को चलो यात्रा करे गतिविधि कराना।   ; दिए गए विडियो के अनुसार )ष्,,https://bit.ly/3zx26NA,
13,2021-09-13,Monday ,भाषा विकास,गतिविधि - 1 मेरी फुलवारी पुस्तक के पेज 41 पर दिए गए हमारे त्यौहार केे चित्र चार्ट से चर्चा करना।,https://bit.ly/3cNDWVG,https://bit.ly/2XZc6B6,बौद्विक विकास,गतिविधि - 2 तरंग पेज नम्बर 78 से 15 अंक का लेखन करना।,https://bit.ly/35ongjv,https://bit.ly/3ktYO7m,
13,2021-09-14,Tuesday ,हिंदी,पढ़ना औैर पढ़कर समझना- चित्र के सूक्ष्म और प्रत्यक्ष पहलुओं पर बारीक अवलोकन करना l,https://bit.ly/3iEFzZv,https://bit.ly/3pWz1qF,English,Listening and speaking - The learner recognises letter A-Z and their sounds,https://bit.ly/3vlwK9G,https://bit.ly/3gnE1Sa,
13,2021-09-15,Wednesday ,हिंदी,पढ़ना औैर पढ़कर समझना- चित्र के सूक्ष्म और प्रत्यक्ष पहलुओं पर बारीक अवलोकन करना l,https://bit.ly/3zrE8n6,https://bit.ly/2Sut9sC,English,Listening and speaking- The learner recognises letter A-Z and their sounds,https://bit.ly/35uhCMX,https://bit.ly/3iVZoMb,
13,2021-09-16,Thursday ,हिंदी,"सृजनात्मक अभिव्यक्ति- स्वयं बनाएं गए चित्रों के नाम लिखते (लेबलिंग) है, जैसे- हाथ के बने पंखे का चित्र बनाकर उसके नीचे बीजना (ब्रजभाषा, जो कि बच्चे की घर की भाषा हो सकती है।) लिखना।",https://bit.ly/3wupM3k,https://bit.ly/3cIhcqa,गणित,संख्या ज्ञान की समझ-1 से 20 तक की संख्याओं पर कार्य करते हैं। (1 से 5),https://bit.ly/2U2PKg1,https://bit.ly/3pW4b1s,
13,2021-09-17,Friday ,English,Reading and writing- The learner understands the strokes of letter,https://bit.ly/3iITpKg,https://bit.ly/3gCaanM,गणित,संख्या ज्ञान की समझ-1 से 20 तक की संख्याओं पर कार्य करते हैं। (1 से 5),https://bit.ly/2Ua6Jx9,https://bit.ly/3xo0Nil,
14,2021-09-20,Monday ,English,Reading and writing - The learner understands the strokes of letter,https://bit.ly/3zv7j8Y,https://bit.ly/2TAswO1,गणित,संख्या ज्ञान की समझ-1 से 20 तक की संख्याओं पर कार्य करते हैं। (6 से 10),https://bit.ly/3iGSKJt,https://bit.ly/3iGBCn9,
14,2021-09-21,Tuesday ,हिंदी,पढ़ना औैर पढ़कर समझना- चित्र के सूक्ष्म और प्रत्यक्ष पहलुओं पर बारीक अवलोकन करना l,https://bit.ly/3gCVmFl,https://bit.ly/3pTXop5,English,Reading and writing - The learner understands the strokes of letter,https://bit.ly/3pVNCCF,https://bit.ly/3iINOUn,
14,2021-09-22,Wednesday ,हिंदी,"लिखना- लिखना सीखने की प्रक्रिया के दौरान अपने विकासात्मक स्तर के अनुसार चित्रों , आड़ी-तिरछी रेखाओं (कीरम-काटे), अक्षर-आकृतियों, स्व-वर्तनी (इनवेंटिड स्पैलिंग) और स्व-नियंत्रित लेखन (कनवैंशनल राइटिंग) के माध्यम से सुनी हुई और अपने मन की बातों को अपने तरीके से लिखने का प्रयास करना l",https://bit.ly/3gqU9lJ,https://bit.ly/3pXnhEc,English,"Listening and Speaking 
- The learner understands the strokes of letter ",https://bit.ly/3zsP5oF,https://bit.ly/3iLredH,
14,2021-09-23,Thursday ,हिंदी,"लिखना- लिखना सीखने की प्रक्रिया के दौरान अपने विकासात्मक स्तर के अनुसार चित्रों , आड़ी-तिरछी रेखाओं (कीरम-काटे), अक्षर-आकृतियों, स्व-वर्तनी (इनवेंटिड स्पैलिंग) और स्व-नियंत्रित लेखन (कनवैंशनल राइटिंग) के माध्यम से सुनी हुई और अपने मन की बातों को अपने तरीके से लिखने का प्रयास करना l",,https://bit.ly/3gtf4ES,गणित,संख्या ज्ञान की समझ-1 से 20 तक की संख्याओं पर कार्य करते हैं। (6 से 10),https://bit.ly/3zn4AhP,https://bit.ly/35rHo3W,
14,2021-09-24,Friday ,English,Writing - The learner can write capital and small letters,https://bit.ly/3vrUwkk,https://bit.ly/3cLW8Pu,गणित,संक्रियाओं की समझ- जोड़-मूर्त वस्तुओं की मदद से 9 तक की संख्याओं के जोड़ व घटाव के तथ्य बनाते हैं।,https://bit.ly/3gyOwAL,https://bit.ly/2U7OmZL,
15,2021-09-27,Monday ,English,Writing - The learner can write capital and small letters,,https://bit.ly/3vwaYA6,गणित,संक्रियाओं की समझ-घटाव- मूर्त वस्तुओं की मदद से 9 तक की संख्याओं के जोड़ व घटाव के तथ्य बनाते हैं।,https://bit.ly/3cNvbe1,https://bit.ly/3xoE7OX,
15,2021-09-28,Tuesday ,हिंदी,चित्र के सूक्ष्म और प्रत्यक्ष पहलुओं पर बारीक अवलोकन करना l,,https://bit.ly/3gIhMoM,English,Writing - The learner can write capital and small letters,https://bit.ly/2S3ArmR,https://bit.ly/2UczoBN,
15,2021-09-29,Wednesday ,हिंदी,चित्र के सूक्ष्म और प्रत्यक्ष पहलुओं पर बारीक अवलोकन करना l,,https://bit.ly/3cNBH4D,English,Reading and writing - The learner can write capital and small letters,https://bit.ly/3cMPad2,https://bit.ly/2TEfdfP,
15,2021-09-30,Thursday ,हिंदी,"स्वयं बनाएं गए चित्रों के नाम लिखते (लेबलिंग) है, जैसे- हाथ के बने पंखे का चित्र बनाकर उसके नीचे बीजना (ब्रजभाषा, जो कि बच्चे की घर की भाषा हो सकती है।) लिखना।",,https://bit.ly/3vvOBe3,गणित,संख्या ज्ञान की समझ-1 से 20 तक की संख्याओं पर कार्य करते हैं। (1 से 10),https://bit.ly/3gDnMPR,https://bit.ly/2TBoh4O,
15,2021-10-01,Friday ,English,Listening and Speaking - The learner can  recognise  sight words,https://bit.ly/3zI9G8y,https://bit.ly/3wzMmaV,गणित,"संख्या ज्ञान की समझ-20 तक की संख्याओं को मूर्तरूप से, चित्रों व प्रतीकों द्वारा बोल कर गिनते हैं। (1से 10)",https://bit.ly/3gKKi9A,https://bit.ly/3gpZjyy,
16,2021-10-04,Monday ,English,Reading and Writing - The learner can  recognise  sight words,https://bit.ly/3wzTPqn,https://bit.ly/3iLrRnz,गणित,"संख्या ज्ञान की समझ-20 तक की संख्याओं को मूर्तरूप से, चित्रों व प्रतीकों द्वारा बोल कर गिनते हैं। (1से 10)",https://bit.ly/2TBZ62b,https://bit.ly/3gAl1i4,
16,2021-10-05,Tuesday ,हिंदी,पढ़ना औैर पढ़कर समझना- हिन्दी वर्णमाला के अक्षरों की आकृति और ध्वनि की पहचान करना।,https://bit.ly/3gwVHdZ,https://bit.ly/3vyddD4,English,Reading and Writing - The learner can  recognise  sight words,https://bit.ly/3xG5rZp,https://bit.ly/3iQM5wf,
16,2021-10-06,Wednesday ,हिंदी,"लिखना- लिखना सीखने की प्रक्रिया के दौरान अपने विकासात्मक स्तर के अनुसार चित्रों , आड़ी-तिरछी रेखाओं (कीरम-काटे), अक्षर-आकृतियों, स्व-वर्तनी (इनवेंटिड स्पैलिंग) और स्व-नियंत्रित लेखन (कनवैंशनल राइटिंग) के माध्यम से सुनी हुई और अपने मन की बातों को अपने तरीके से लिखने का प्रयास करना l",https://bit.ly/2SGkF1l,https://bit.ly/3wxnjFC,English,Reading and writing - The learner can  recognise  sight words,https://bit.ly/3gD9j6u,https://bit.ly/3nhD8eT,
16,2021-10-07,Thursday ,हिंदी,"सृजनात्मक अभिव्यक्ति  सुनना और सुनकर समझना।- स्वयं बनाएं गए चित्रों के नाम लिखते (लेबलिंग) है, जैसे- हाथ के बने पंखे का चित्र बनाकर उसके नीचे बीजना (ब्रजभाषा, जो कि बच्चे की घर की भाषा हो सकती है।) लिखना।",,https://bit.ly/3gySbi8,गणित,"संख्या ज्ञान की समझ-20 तक की संख्याओं को मूर्तरूप से, चित्रों व प्रतीकों द्वारा बोल कर गिनते हैं। (1से 10)",https://bit.ly/3iMwZYF,https://bit.ly/3xsI19o,
16,2021-10-08,Friday ,English,Reading and writing - The learner matches  name with familiar objects seen in picture,https://bit.ly/3gEQ0JR,https://bit.ly/3cMnpRO,गणित,संख्या ज्ञान की समझ-शुन्य की अवधारणा को समझते हैं।,https://youtu.be/o_2zO7toRbg,https://bit.ly/3vDPz8l,
17,2021-10-11,Monday ,English,Listening and Speaking - The learner can understand and identify vowel sound,https://bit.ly/3xvvrWX,https://bit.ly/3wyGTB9,गणित,संख्या ज्ञान की समझ-शुन्य की अवधारणा को समझते हैं।,,https://bit.ly/2Tws57A,
17,2021-10-12,Tuesday ,हिंदी,"पढ़ना औैर पढ़कर समझना- पढ़ी कहानी, कविताओं आदि में लिपि चिह्नों/शब्दों/वाक्यों आदि को देखकर और उनकी ध्वनियों को सुनकर, समझकर उनकी पहचान करना।",,https://bit.ly/3wxITK9,English,Reading and writing - The learner can understand alphabets,https://bit.ly/3vwtDfb,https://bit.ly/3zzVX3l,
17,2021-10-13,Wednesday ,हिंदी,पढ़ना औैर पढ़कर समझना- हिन्दी वर्णमाला के अक्षरों की आकृति और ध्वनि की पहचान करना।,https://bit.ly/3wAhx5U,https://bit.ly/35tcU1J,English,Reading and writing - The learner can understand alphabets,https://bit.ly/2WzcCC8,https://bit.ly/2S3avYz,
17,2021-10-14,Thursday ,हिंदी,"लिखना- लिखना सीखने की प्रक्रिया के दौरान अपने विकासात्मक स्तर के अनुसार चित्रों , आड़ी-तिरछी रेखाओं (कीरम-काटे), अक्षर-आकृतियों, स्व-वर्तनी (इनवेंटिड स्पैलिंग) और स्व-नियंत्रित लेखन (कनवैंशनल राइटिंग) के माध्यम से सुनी हुई और अपने मन की बातों को अपने तरीके से लिखने का प्रयास करना l",https://bit.ly/3gGJjqG,https://bit.ly/3gvmSWt,गणित,संख्या ज्ञान की समझ-20 तक की संख्याओं की समझ रखते है।,https://bit.ly/3zH7n5J,https://bit.ly/35x0UMt,
17,2021-10-15,Friday ,English,Reading and writing - The learner can understand different shapes,https://bit.ly/2SEORtU,https://bit.ly/3zycCEn,गणित,संख्या ज्ञान की समझ-20 तक की संख्याओं की समझ रखते है।,https://bit.ly/3zx6nke,https://bit.ly/3cI81Gc,
18,2021-10-18,Monday ,English,Reading and writing - The learner can understand different vehicles,https://bit.ly/3q1sVp2,https://bit.ly/3zycCEn,गणित,संख्या ज्ञान की समझ-20 तक की संख्याओं की समझ रखते है।,https://bit.ly/3zvgAhb,https://bit.ly/3cNzOEW,
18,2021-10-19,Tuesday ,हिंदी,पढ़ना औैर पढ़कर समझना- हिन्दी वर्णमाला के अक्षरों की आकृति और ध्वनि की पहचान करना।,https://bit.ly/3iPbXXX,https://bit.ly/371H4Km,English,Listening and Speaking- The learner knows about fruits and vegetables,https://bit.ly/3qaAVnC,https://bit.ly/3zwVjCR,
18,2021-10-20,Wednesday ,हिंदी,"लिखना- लिखना सीखने की प्रक्रिया के दौरान अपने विकासात्मक स्तर के अनुसार चित्रों , आड़ी-तिरछी रेखाओं (कीरम-काटे), अक्षर-आकृतियों, स्व-वर्तनी (इनवेंटिड स्पैलिंग) और स्व-नियंत्रित लेखन (कनवैंशनल राइटिंग) के माध्यम से सुनी हुई और अपने मन की बातों को अपने तरीके से लिखने का प्रयास करना l",https://bit.ly/3eT09To,https://bit.ly/3eQFVtq,English,Reading and Writing - The learner knows about fruits and vegetables,https://bit.ly/3v8AEnB,https://bit.ly/3gBnSrb,
18,2021-10-21,Thursday ,हिंदी,पढ़ना औैर पढ़कर समझना- हिन्दी वर्णमाला के अक्षरों की आकृति और ध्वनि की पहचान करना।,https://bit.ly/2TDbf7w,https://bit.ly/36Ytx67,गणित,संख्या ज्ञान की समझ-20 तक की संख्याओं की समझ रखते है।,https://bit.ly/3y4xlia,https://bit.ly/3cMC4fH,
18,2021-10-22,Friday ,English,Reading and Writing - The learner knows about fruits and vegetables,https://bit.ly/39HzGpI,https://bit.ly/3iN34PW,गणित,"संख्या ज्ञान की समझ- 20 तक की संख्याओं की तुलना करते हैं, जैसे- यह बता पाते हैं, कि कक्षा में लड़कियों की संख्या या लड़कों की संख्या ज्यादा है।",https://bit.ly/3kOydUm,https://bit.ly/35tsQRD,
19,2021-10-25,Monday ,English,Reading and Writing - The learner recognises number 1-10 through picture,https://bit.ly/36WCwEU,https://bit.ly/3wxIiYQ,गणित,"संख्या ज्ञान की समझ-20 तक की संख्याओं की तुलना करते हैं, जैसे- यह बता पाते हैं, कि कक्षा में लड़कियों की संख्या या लड़कों की संख्या ज्यादा है।",https://bit.ly/3zwgyF0,https://bit.ly/2TCrzoI,
19,2021-10-26,Tuesday ,हिंदी,"लिखना- लिखना सीखने की प्रक्रिया के दौरान अपने विकासात्मक स्तर के अनुसार चित्रों , आड़ी-तिरछी रेखाओं (कीरम-काटे), अक्षर-आकृतियों, स्व-वर्तनी (इनवेंटिड स्पैलिंग) और स्व-नियंत्रित लेखन (कनवैंशनल राइटिंग) के माध्यम से सुनी हुई और अपने मन की बातों को अपने तरीके से लिखने का प्रयास करना l ",https://bit.ly/3zvTh68,https://bit.ly/3zwVlKZ,English,Listening and Speaking - The learner knows parts of body and days of week ,,https://bit.ly/3wxIuHy,
19,2021-10-27,Wednesday ,हिंदी,पढ़ना औैर पढ़कर समझना- हिन्दी वर्णमाला के अक्षरों की आकृति और ध्वनि की पहचान करना।,https://bit.ly/2TDbf7w,https://bit.ly/370M5mo,English,Listening and speaking - The learner knows parts of body and days of week ,,https://bit.ly/3cKx1fG,
19,2021-10-28,Thursday ,हिंदी,"लिखना- लिखना सीखने की प्रक्रिया के दौरान अपने विकासात्मक स्तर के अनुसार चित्रों , आड़ी-तिरछी रेखाओं (कीरम-काटे), अक्षर-आकृतियों, स्व-वर्तनी (इनवेंटिड स्पैलिंग) और स्व-नियंत्रित लेखन (कनवैंशनल राइटिंग) के माध्यम से सुनी हुई और अपने मन की बातों को अपने तरीके से लिखने का प्रयास करना l ",https://bit.ly/3jbeziP,https://bit.ly/373l6Xj,गणित,संख्या ज्ञान की समझ-21 से 50 तक मात्रात्मक बोध की समझ रखते हैं।,https://bit.ly/3BGlWaA,https://bit.ly/3vusiFx,
19,2021-10-29,Friday ,English,Listening and Speaking - The learner knows parts of body and days of week ,https://bit.ly/3fv8BZa,https://bit.ly/3xuFhbB,गणित,संख्या ज्ञान की समझ-21 से 50 तक मात्रात्मक बोध की समझ रखते हैं।,https://bit.ly/3kXw34K,https://bit.ly/3xr72lC,
20,2021-11-01,Monday ,English,Reading and Writing - The learner recognises number 1-10 through picture ,https://bit.ly/3jjy3Sx,https://bit.ly/2SDbDCp,गणित,संख्या ज्ञान की समझ-21 से 50 तक मात्रात्मक बोध की समझ रखते हैं।,https://bit.ly/2VbyLsq,https://bit.ly/3gvDQV0,
20,2021-11-02,Tuesday ,हिंदी,पढ़ना औैर पढ़कर समझना- हिन्दी वर्णमाला के अक्षरों की आकृति और ध्वनि की पहचान करना।,https://bit.ly/3yhMXih,https://bit.ly/3rM5SiQ,English,Reading and Writing - The learner listens to instruction and draw diagram,https://bit.ly/3iWY5MD,https://bit.ly/3pXoqvK,
20,2021-11-03,Wednesday ,हिंदी,"लिखना- लिखना सीखने की प्रक्रिया के दौरान अपने विकासात्मक स्तर के अनुसार चित्रों , आड़ी-तिरछी रेखाओं (कीरम-काटे), अक्षर-आकृतियों, स्व-वर्तनी (इनवेंटिड स्पैलिंग) और स्व-नियंत्रित लेखन (कनवैंशनल राइटिंग) के माध्यम से सुनी हुई और अपने मन की बातों को अपने तरीके से लिखने का प्रयास करना l",https://bit.ly/37dMjqi,https://bit.ly/3ifr6Ct,English,Reading and Writing - The learner listens to instruction and draw diagram,https://bit.ly/3zFyMoi,https://bit.ly/2TGHz8U,
20,2021-11-04,Thursday ,हिंदी,पढ़ना औैर पढ़कर समझना- हिन्दी वर्णमाला के अक्षरों की आकृति और ध्वनि की पहचान करना।,https://bit.ly/2Vpdsnm,https://bit.ly/37eN6aA,गणित,संख्या ज्ञान की समझ-99 तक की संख्याओं को पहचानते हैं एवं संख्याओं को लिखते हैं।,https://bit.ly/3fk3kU4,https://bit.ly/3wxnAbr,
20,2021-11-05,Friday ,English,Listening and Speaking - The learner associates with picture,,https://bit.ly/3gtNx63,गणित,संख्या ज्ञान की समझ-99 तक की संख्याओं को पहचानते हैं एवं संख्याओं को लिखते हैं।,https://bit.ly/2Vb4yu4,https://bit.ly/3xnCgKi,
